"conversation_id_str","created_at","favorite_count","full_text","id_str","image_url","in_reply_to_screen_name","lang","location","quote_count","reply_count","retweet_count","tweet_url","user_id_str","username"
"1803192770611519921","Tue Jun 18 22:27:12 +0000 2024","33","Indonesia pura pemilu? Pilkada Pilbup Pilgub/Pilpres. Diduga pemenang sdh di pesan oligarki kapitalis lewat oknum aparat penghianat dan lembaga survei quick count tayang di TV di MKpun sidang gugatan pura pura juga? (Pilpres 2024) @KPU_ID @officialMKRI https://t.co/5hwKONQp5Y","1803192770611519921","https://pbs.twimg.com/ext_tw_video_thumb/1803192393749110786/pu/img/wuUARvOJQF2zNXZj.jpg","","in","Tolak! Indonesia di komuniskan","2","3","31","https://x.com/ForRezim/status/1803192770611519921","1482600556669460485","ForRezim"
"1803763395684110472","Thu Jun 20 12:14:40 +0000 2024","2126"," seru nih NIKITA¬†MIRZANI langsung bereaksi usai Partai Gerindra mengusung komika Mrshel Widianto untuk menjadi Wakil Wali Kota Tangerang Selatan (Tangsel) pada Pilkada Serentak 2024 nanti. https://t.co/DNW9077xmd https://t.co/SNV757WRMi","1803763395684110472","https://pbs.twimg.com/media/GQhBKdGaoAAy6gd.jpg","","in","Indiana, USA","60","265","496","https://x.com/blackshark7890/status/1803763395684110472","1735243382023393280","blackshark7890"
"1757731808991646012","Wed Feb 14 11:41:34 +0000 2024","59681","Si tukang kayu dari Solo : 2005 - Menang pilkada Solo 2010 - Menang pilkada Solo 2012 - Menang pilgub Jakarta 2014 - Menang pilpres 2019 - Menang pilpres 2024 - 'Menang' pilpres Selalu menang tokoh terhebat sepanjang sejarah Pemilu di Indonesia.. https://t.co/pQZmxtYwlV","1757731808991646012","https://pbs.twimg.com/media/GGS3w4vbUAAHpWL.jpg","","in","","1770","2297","8077","https://x.com/idextratime/status/1757731808991646012","1222927522033094656","idextratime"
"1802859718563766545","Tue Jun 18 00:23:47 +0000 2024","4","Sah pedofil Anus baswedan manusia rakus jabatan maju lagi di pilkada 2024 Buzzer politik yang vacum selama 2 bulan sekarang udah aktif lagi di X karena udah dapet kontrak dan transferan dari partai PSK eh PKS Mas anies mas anies manusia rakus jabatan https://t.co/yJhQ9AxTMI","1802859718563766545","https://pbs.twimg.com/media/GQULThYa8AARR91.jpg","","in","","0","3","0","https://x.com/gustavssondhela/status/1802859718563766545","1737685275353247744","gustavssondhela"
"1804087511523971537","Fri Jun 21 09:42:35 +0000 2024","82","Ancam Pecat! Menteri Dalam Negeri (Mendagri) Muhammad Tito Karnavian meminta penjabat kepala daerah mengajukan pengunduran diri sebagai aparatur sipil negara jika ingin maju di Pilkada 2024. #TempoHeadliner https://t.co/4208SwlXte","1804087511523971537","https://pbs.twimg.com/media/GQlneQhaIAACBP2.jpg","","in","Indonesia","16","92","40","https://x.com/tempodotco/status/1804087511523971537","18129942","tempodotco"
"1802260155788390465","Sun Jun 16 08:41:20 +0000 2024","8","Istana diduga membantu Membukakan jalan Bagi Orang2 dekat Presiden Jokowi Berlaga di pilkada 2024.... Masih pethakilan terus ? #TurunkanDinastiPolitikAbsurd #TurunkanDinastiPolitikAbsurd https://t.co/7uFqeMwwzy","1802260155788390465","https://pbs.twimg.com/ext_tw_video_thumb/1802260107700674560/pu/img/nTti1ejApaTYx309.jpg","","in","","0","2","6","https://x.com/berkasih_m63350/status/1802260155788390465","1789418819666186240","berkasih_m63350"
"1803779340624433477","Thu Jun 20 13:18:02 +0000 2024","96","#TemanPemilih Ayo Kenali Petugas Pantarlih Pilkada 2024 yang akan melakukan coklit mulai tanggal 25 Juni sd 24 Juli 2024. Simak informasi ini selengkapnya ya. #KPUMelayani #PilkadaSerentak2024 https://t.co/s86LhA3e07","1803779340624433477","https://pbs.twimg.com/media/GQhPv8laIAIwo42.jpg","","in","Republik Indonesia","4","5","71","https://x.com/KPU_ID/status/1803779340624433477","2413697946","KPU_ID"
"1804699419532738930","Sun Jun 23 02:14:05 +0000 2024","356"," Saya sekarang jauh lebih jadi Gubernur sekarang karena sudah lewatin sekolah Mako Brimob. Saya juga sudah punya pengalaman empat tahun melakukan penghematan-enghematan optimalisasi biaya di Pertamina ungkap Basuki Tjahaja Purnama alias Ahok. | #Ahok #Pilkada2024 #Jakarta https://t.co/MHUYq1q07r","1804699419532738930","https://pbs.twimg.com/media/GQuUaF_aAAAjDff.jpg","","in","Jakarta","27","187","71","https://x.com/kompascom/status/1804699419532738930","23343960","kompascom"
"1513107191930097670","Sun Apr 10 10:50:41 +0000 2022","13129","Kita telah sepakat Pemilu dilaksanakan 14 Februari 2024 dan Pilkada pada bulan November 2024. Tahapan Pemilu itu sudah dimulai pertengahan Juni 2022. Lalu pada 12 April nanti KPU dan Bawaslu periode 2022-2027 dilantik dan segera mempersiapkan Pemilu dan Pilkada serentak 2024. https://t.co/NimvT4fAwy","1513107191930097670","https://pbs.twimg.com/media/FP-i-LAaAAA1bF5.jpg","","in","Jakarta","1052","3059","3306","https://x.com/jokowi/status/1513107191930097670","366987179","jokowi"
"1804696666509062357","Sun Jun 23 02:03:09 +0000 2024","3","Masyarakat dukung pilkada 2024 berjalan sukses https://t.co/XNOqWHXZCb","1804696666509062357","https://pbs.twimg.com/ext_tw_video_thumb/1804696592945238016/pu/img/Y8uo6vrwKoP10aC7.jpg","","in","East Nusa Tenggara, Indonesia","0","2","2","https://x.com/napuamanda/status/1804696666509062357","1619964424382722051","napuamanda"
"1513400506504212481","Mon Apr 11 06:16:13 +0000 2022","9375","Pemilu pada 14 Februari 2024 dan Pilkada serentak November 2024 diperkirakan butuh anggaran sampai Rp110 4 triliun untuk KPU Rp76 6 triliun dan Bawaslu Rp33 8 triliun. Saya minta untuk dihitung lagi lebih detail baik APBN maupun APBD agar dapat dipersiapkan secara bertahap. https://t.co/jd08EbetrL","1513400506504212481","https://pbs.twimg.com/media/FQCtvTlX0AMl-uw.jpg","","in","Jakarta","253","1369","1282","https://x.com/jokowi/status/1513400506504212481","366987179","jokowi"
"1804799765265420763","Sun Jun 23 08:52:50 +0000 2024","2","Awas dan laporkan segala bentuk politik uang dalam Pilkada 2024 #dukungpilkada2024 #SukseskanPilkada2024 #stoppolitikuang https://t.co/LHlmwUEhNg","1804799765265420763","https://pbs.twimg.com/media/GQvv0lDbYAAQQ1Q.jpg","","in","","2","1","0","https://x.com/HaninMayang/status/1804799765265420763","1795741487290056705","HaninMayang"
"1804743319685358016","Sun Jun 23 05:08:32 +0000 2024","147","Survei ini akan selalu berubah. Pak @jokowi jg akan turun 20 Oktober 2024 nanti sehingga 27 November saat Pilkada semua masih dinamis. Saat kepemimpinan berganti biasanya tidak lama pemimpin yg digantikan akan dilupakan. Kecuali ada dua matahari. Intinya tetaplah optimis dan https://t.co/csZkvUpw9H","1804743319685358016","https://pbs.twimg.com/media/GQu8epIasAAFSwm.jpg","","in","Jakarta to the World","7","56","29","https://x.com/MardaniAliSera/status/1804743319685358016","122020937","MardaniAliSera"
"1804373798659223853","Sat Jun 22 04:40:11 +0000 2024","40","Ketua Umum PSI Kaesang Pangarep lagi-lagi jadi sorotan nih jelang Pilkada Jakarta 2024. Dahulu Kaesang Pangarep menyatakan tertarik berduet dengan eks Gubernur Jakarta Anies Baswedan pada Pilkada Jakarta. Kaesang menilai maju bersama Anies lebih realistis untuk menang. https://t.co/JqGwBw75Vm","1804373798659223853","https://pbs.twimg.com/amplify_video_thumb/1804373786072092673/img/r7-fElQz7Sfjeqhi.jpg","","in","","9","50","17","https://x.com/NarasiNewsroom/status/1804373798659223853","1158355819512991747","NarasiNewsroom"
"1804856969720955157","Sun Jun 23 12:40:08 +0000 2024","142","PDI Perjuangan Beri Tugas Penting ke Ahok di Pilkada 2024. Tugas Ahok membantu PDI Perjuangan yang mengusung calon kepala daerah untuk berkontestasi dengan program-program solusi pada Pilkada 2024. Basuki Tjahaja Purnama (Ahok): Tugas Saya di Pilkada Bantu Kepala Daerah yang https://t.co/GJ0dlZRut0","1804856969720955157","https://pbs.twimg.com/media/GQwjMG-a4AAWnE_.jpg","","in","Indonesia","0","20","26","https://x.com/PDI_Perjuangan/status/1804856969720955157","153407983","PDI_Perjuangan"
"1804329686631354606","Sat Jun 22 01:44:54 +0000 2024","3","Menkopolhukam hadi Tjahjanto: TNI Polri dan ASN harus netral pada pilkada 2024 https://t.co/T1x5nygK3r","1804329686631354606","https://pbs.twimg.com/ext_tw_video_thumb/1804329606461427713/pu/img/f_aF-gDVuI5wUKKa.jpg","","in","East Nusa Tenggara, Indonesia","0","4","1","https://x.com/napuamanda/status/1804329686631354606","1619964424382722051","napuamanda"
"1802935441739649070","Tue Jun 18 05:24:40 +0000 2024","2","Ciptakan Pilkada 2024 yang aman dan kondusif.. Kapolda dan Pemda Papua ajak seluruh tokoh adat dan masyarakat sukseskan agenda nasional https://t.co/U6uGD9RsuP","1802935441739649070","https://pbs.twimg.com/ext_tw_video_thumb/1802935326425653248/pu/img/IFj4UBEJ29ZDhwcv.jpg","","in","","0","0","0","https://x.com/borayeter19/status/1802935441739649070","2981644925","borayeter19"
"1804144993822740789","Fri Jun 21 13:31:00 +0000 2024","3","Pentingnya sinergi Pemerintah pusat dan daerah untuk mensukseskan Pilkada 2024 #pilkada2024 https://t.co/zG28G3iXqZ","1804144993822740789","https://pbs.twimg.com/media/GQmcT5uakAAhTzY.jpg","","in","West Sulawesi, Indonesia","0","1","0","https://x.com/anselarsenio_/status/1804144993822740789","1564497392149622784","anselarsenio_"
"1804725538134929645","Sun Jun 23 03:57:53 +0000 2024","1","Ayoo Lhur Sukseskan Gerakan Coklit Serentak( GCS) untuk Pilkada tahun 2024 ojo sampe ilang hak pilih sampean... https://t.co/j04gtch7y8","1804725538134929645","https://pbs.twimg.com/media/GQusS6WbUAAZpHa.jpg","","in","Jragung","0","0","0","https://x.com/mohrosy96315503/status/1804725538134929645","1612977786758758400","mohrosy96315503"
"1804477843662897420","Sat Jun 22 11:33:38 +0000 2024","0","Pesta Demokrasi yang ditandai dengan Pemilihan Kepala Daerah (Pilkada) secara serentak kembali akan terjadi di akhir penghujung tahun 2024. . Dikutip dari wikipedia total daerah yang akan melaksanakan Pilkada Serentak tahun 2024 sebanyak 545 daerah. #Pilkada2024 https://t.co/LjwKDKUZ86","1804477843662897420","https://pbs.twimg.com/media/GQrK8T-bsAATFE2.jpg","","in","Kota Surakarta, Jawa Tengah","0","0","0","https://x.com/gebyarpilkada24/status/1804477843662897420","1638845005086195713","gebyarpilkada24"
"1803649584356532344","Thu Jun 20 04:42:25 +0000 2024","20","Partai Golkar secara resmi menyerahkan surat dukungan terhadap Wali Kota Medan Bobby Nasution untuk maju sebagai bakal calon gubernur di Pilkada Sumatra Utara 2024. Ketua Umum Partai Golkar Airlangga Hartarto menyerahkan surat dukungan itu didampingi Wakil Ketua Umum Pemenangan https://t.co/PAPPthqZWX","1803649584356532344","https://pbs.twimg.com/media/GQfZhd8aIAQ8pcd.jpg","","in","Jakarta Capital Region","1","0","2","https://x.com/asumsico/status/1803649584356532344","829366551446818816","asumsico"
"1803710782506496474","Thu Jun 20 08:45:36 +0000 2024","1153","DPC Gerindra Kota Tangerang Selatan resmi mengusung komika Marshel Widianto untuk maju di Pilkada 2024. #newsupdate #update #news #oneliner https://t.co/K8ipqNvLYy https://t.co/khoosDFxg7","1803710782506496474","https://pbs.twimg.com/media/GQgRQ8dWYAE2kta.jpg","","in","","5230","2460","282","https://x.com/kumparan/status/1803710782506496474","759692754985242625","kumparan"
"1804165932568449049","Fri Jun 21 14:54:12 +0000 2024","0","Hai #temanpemilih yuk Kenali petugas pantarlih untuk pilkada 2024 https://t.co/oQmAkJHvmQ","1804165932568449049","https://pbs.twimg.com/media/GQmvLj-aoAA4uZn.jpg","","in","Guntur, Indonesia","0","0","0","https://x.com/PPK_Kec_Guntur/status/1804165932568449049","1610494378258354181","PPK_Kec_Guntur"
"1804736348357849167","Sun Jun 23 04:40:50 +0000 2024","4","Komitmen bersama sukseskan Pilkada 2024 untuk terus membangun daerah hadirkan kesejahteraan bagi banyak orang #PilkadaSerentak #Pilkada2024 #Kalbar #PilkadaDamai Makasi https://t.co/volSeaSVVm","1804736348357849167","https://pbs.twimg.com/media/GQu2I5wbwAAiUsn.jpg","","in","","0","0","0","https://x.com/2lu1dzlhiciax/status/1804736348357849167","882091080354742272","2lu1dzlhiciax"
"1804437554361475575","Sat Jun 22 08:53:32 +0000 2024","11","Mantan Anggota DPRD DKI Jakarta M Sanusi Menilai : Kaesang Akan Kesulitan Meraih Kemenangan Apabila Maju di Pilkada Jakarta 2024. Sanusi Menyarankan Kaesang Untuk Maju di Daerah lain Mengingat Kekuatan Politik Yang Ia Miliki Masih Sangat Kuat disana. https://t.co/caUaAxOyj0","1804437554361475575","https://pbs.twimg.com/ext_tw_video_thumb/1804437472614789120/pu/img/wHZhMcGbdVgoCQnh.jpg","","in","Solo (Bekasi Timur), Indonesia","0","0","4","https://x.com/SETYAKI22965702/status/1804437554361475575","1322361095407902721","SETYAKI22965702"
"1804161498190909792","Fri Jun 21 14:36:35 +0000 2024","87","Mendagri perkuat koordinasi sukseskan Pilkada 2024 https://t.co/5IRxPx8Gf5","1804161498190909792","https://pbs.twimg.com/media/GQmrUOhakAgCms5.jpg","","in","","0","0","0","https://x.com/ZulhamHaq/status/1804161498190909792","1373021142","ZulhamHaq"
"1804768321474380164","Sun Jun 23 06:47:53 +0000 2024","2","Hai #TemanPemilih KPU Kabupaten Kepulauan Talaud menggelar Bimbingan Teknis Pemutakhiran Data Pemilih Dan Penguatan Penggunaan aplikasi E-Coklit kepada Pantarlih untuk pilkada serentak 2024 di Aulah BKPSDM Pemkab Talaud Sabtu 22/6/2024. #KPUMelayani #PilkadaSerentak2024 https://t.co/O4UD40n16w","1804768321474380164","https://pbs.twimg.com/media/GQvTMQrbkAAuLLX.jpg","","in","Sulawesi Utara, Indonesia","0","0","0","https://x.com/KpuTalaud/status/1804768321474380164","1378925999828652039","KpuTalaud"
"1805091961403232755","Mon Jun 24 04:13:55 +0000 2024","0","KPU Sulut Lantik Petugas Pantarlih dan Gelar Apel Akbar Coklit Pilkada Serentak 2024 - https://t.co/d1Bh2b1FWI https://t.co/EfhumZqCjZ","1805091961403232755","https://pbs.twimg.com/media/GQz5kpmaQAASbXA.jpg","","in","Manado","0","0","0","https://x.com/beritamanado/status/1805091961403232755","130420120","beritamanado"
"1803381222208655440","Wed Jun 19 10:56:03 +0000 2024","35","{Thread} Hasil survei Saiful Mujani Research and Consulting (SMRC) menunjukkan nama Ridwan Kamil dan Dedi Mulyadi paling menonjol untuk menjadi bakal calon Gubernur dalam pemilihan kepala daerah (Pilkada) 2024. https://t.co/FhQjDSdfUB","1803381222208655440","https://pbs.twimg.com/media/GQbkveIaIAQrIVv.jpg","","in","Jakarta","2","5","7","https://x.com/kompascom/status/1803381222208655440","23343960","kompascom"
"1805091856730276083","Mon Jun 24 04:13:30 +0000 2024","0","Penjabat Gubernur DKI Jakarta Heru Budi Hartono tersenyum saat ditanya peluang maju Pilkada Jakarta 2024. Heru menyerahkan semuanya kepada alam semesta. Download #MetroTVXtend sekarang di Play Store dan App Store. #gubernurjakarta #pilkadajakarta #pilgubjakarta https://t.co/HqWosgrRRJ","1805091856730276083","https://pbs.twimg.com/media/GQz5ZCtbgAAwjQ-.jpg","","in","","0","1","0","https://x.com/Metro_TV/status/1805091856730276083","57261519","Metro_TV"
"1804788791963681227","Sun Jun 23 08:09:14 +0000 2024","0","SELAMAT KEPADA PANTARLIH PILKADA 2024 TERPILIH DESA PURWOGONDO PERSIAPKAN BESOK PAGI UNTUK PELANTIKAN DAN COKLIT SERENTAK https://t.co/rcXZQTRlTK","1804788791963681227","https://pbs.twimg.com/media/GQvl10BbQAAc29O.jpg","","in","","0","0","0","https://x.com/PPSPilkada24Pwg/status/1804788791963681227","1794931018543284224","PPSPilkada24Pwg"
"1802689875722027204","Mon Jun 17 13:08:53 +0000 2024","239","Hei @ajengcute16__ kalau Kau mau Buat Konten di Tiktok Lebih Cerdas sedikit biar gak Kelihatan Tolol !!ingat gak dulu AHY di tahun 2019 Gagal di Pilkada DKI dan Kau Catat ya partai PKB sudah Deklarasi usung Anies di Pilgub begitu juga PDIP dan PKS akan usung Anies di Pilkada 2024 https://t.co/ajo8szNGZR","1802689875722027204","https://pbs.twimg.com/ext_tw_video_thumb/1802689807723945984/pu/img/U-OaRo1xIwcRaOgS.jpg","","in","","8","135","74","https://x.com/Yurissa_Samosir/status/1802689875722027204","1456283686312103939","Yurissa_Samosir"
"1804852147470958611","Sun Jun 23 12:20:59 +0000 2024","54","Kabar Pilkada Jakarta resmi dari Partai Keadilan Sejahtera (PKS) telah mengajukan nama untuk maju ke Pilgub 2024 yakni Wakil Ketua Majelis Syuro PKS Mohamad Sohibul Iman. Juru Bicara PKS Ahmad Mabruri mengatakan PKS mendapatkan suara tertinggi di Jakarta pada Pemilu 2024 https://t.co/1Fve3qUUa2","1804852147470958611","https://pbs.twimg.com/media/GQwfdO2aIAAQjbY.jpg","","in","Pulo Gadung, Indonesia","6","74","14","https://x.com/tvOneNews/status/1804852147470958611","55507370","tvOneNews"
"1804768349823418681","Sun Jun 23 06:48:00 +0000 2024","4","Pilkada 2024 penuh dgn klucuan yg di jadikan pemimpinnya. Indonesia ku oh lucu buat ku maU tertawa Tapi sedih krn bnyk yg berkwalitas anak bangsa üáÆüá© hny krn g terkenal apalg g knal dgn Pejabat jd deh Tenggelam cita2 mulyanya nya JogetinAja yaa . #temanpeabowosubiantoüá®üá≠ https://t.co/fvKjQpFKDx","1804768349823418681","https://pbs.twimg.com/ext_tw_video_thumb/1804768301546954753/pu/img/70dMBlp-Ln6jyVri.jpg","","in","","0","0","2","https://x.com/drReUtari08/status/1804768349823418681","1695192728173187072","drReUtari08"
"1803379167037366784","Wed Jun 19 10:47:53 +0000 2024","16","#TemanPemilih inilah informasi seputar pembentukan Petugas Pemutakhiran Data Pemilih (Pantarlih) Pilkada Tahun 2024. https://t.co/EGmgf2416P","1803379167037366784","https://pbs.twimg.com/media/GQbjy6faIAIQzlf.jpg","","in","Republik Indonesia","0","3","11","https://x.com/KPU_ID/status/1803379167037366784","2413697946","KPU_ID"
"1804840592742162681","Sun Jun 23 11:35:04 +0000 2024","3","Kang Emil @ridwankamil lebih realistis maju di Pilkada Jabar 2024 #RidwanKamil #2024JabarRKDeui #2024JabarTetapRK #2024JabarRumahRK #2024JabarRKDuaPeriode #2024LanjutkanJabarJuara #2024JabarSolidRK #rkri2024 https://t.co/GCwi734of1","1804840592742162681","https://pbs.twimg.com/media/GQwU88SasAAATtK.jpg","","in","Ciamis, Indonesia","0","0","1","https://x.com/2024jabarrkdeui/status/1804840592742162681","1580935015076020225","2024jabarrkdeui"
"1804764496373895667","Sun Jun 23 06:32:41 +0000 2024","11","Wakil Presiden ke-10 dan 12 Jusuf Kalla mempersilakan Anies Baswedan untuk kembali maju di Pilkada Jakarta. | #Pilkada2024 #AniesBaswedan #JusufKalla https://t.co/9fAwhYJS8o","1804764496373895667","https://pbs.twimg.com/media/GQvPk0_aMAAmkJV.jpg","","in","Jakarta","0","2","3","https://x.com/kompascom/status/1804764496373895667","23343960","kompascom"
"1803619075186368819","Thu Jun 20 02:41:11 +0000 2024","2","Mana nih #SobatParekraf yang nunggu pesta demokrasi Pilkada serentak? Walaupun momentum Pilpres dan Pileg telah usai masih ada loh Pilkada yang akan diikuti oleh 37 provinsi di IndonesiaüáÆüá© Perhelatan serentak ini akan dilaksanakan pada 27 November 2024 nanti Sob! Jangan https://t.co/7Mpr1FKX2s","1803619075186368819","https://pbs.twimg.com/amplify_video_thumb/1803618974321745920/img/ZINq3k4jJjx46nr7.jpg","","in","Jakarta Pusat, DKI Jakarta","0","0","0","https://x.com/Kemenparekraf/status/1803619075186368819","3259539990","Kemenparekraf"
"1805057742337642519","Mon Jun 24 01:57:56 +0000 2024","4","Sukseskan Pilkada 2024 Aman dan Damai https://t.co/62RPm4WpzS","1805057742337642519","https://pbs.twimg.com/media/GQzacs5a0AA6zwJ.jpg","","in","Kota Padang, Sumatera Barat","2","10","2","https://x.com/gonjong17/status/1805057742337642519","1496004479258271744","gonjong17"
"1801990906314363143","Sat Jun 15 14:51:26 +0000 2024","2","Sabtu(15/6) #temanpemilih warga Mutih Kulon Berikut ini kami sampaikan progres hari ke 3 ( 15 Juni 2024 ) pendaftaran Pantarlih untuk Pilkada Serentak 2024 tingkat Desa Mutih Kulon. #kpudemak #ppkwedung #ppsmutihkulon #kpumelayani https://t.co/392bW0dNSh","1801990906314363143","https://pbs.twimg.com/media/GQH1LbPaYAA3GAt.jpg","","in","","0","0","0","https://x.com/pps_mutihkulon/status/1801990906314363143","1631276001509662721","pps_mutihkulon"
"1804476636902920252","Sat Jun 22 11:28:50 +0000 2024","848","Saat pilpres kemaren orang ini sedang ke mana? https://t.co/XRwLbHqRpr","1804476636902920252","","","in","","8","138","321","https://x.com/HisyamMochtar/status/1804476636902920252","853069924956160000","HisyamMochtar"
"1803224248275837275","Wed Jun 19 00:32:17 +0000 2024","75","Cawe-cawe Jokowi di Pilkada 2024 https://t.co/PuKKjCqYWU https://t.co/cBQZuuloMu","1803224248275837275","https://pbs.twimg.com/ext_tw_video_thumb/1803224214012575744/pu/img/poSDMlzswHO5XCN1.jpg","","in","Jakarta Capital Region","1","5","44","https://x.com/Mdy_Asmara1701/status/1803224248275837275","1334853481019056128","Mdy_Asmara1701"
"1802914547105145167","Tue Jun 18 04:01:39 +0000 2024","13","Ketua Umum Partai Golkar Airlangga Hartarto bergurau soal Ridwan Kamil sudah 'OTW' terkait Pilkada Jakarta 2024 sementara Anies Baswedan masih bergerak-gerak saja. Candaan ini kemudian direspon oleh Anies. #detikcom #AirlanggaHartato #AniesBaswedan https://t.co/Jpm4TVOdxv","1802914547105145167","https://pbs.twimg.com/ext_tw_video_thumb/1802914508593123328/pu/img/VWSHJVHH24EE6NVY.jpg","","in","","1","2","3","https://x.com/detikcom/status/1802914547105145167","69183155","detikcom"
"1803359620679037072","Wed Jun 19 09:30:13 +0000 2024","13","DPC PDI Perjuangan Kabupaten Malaka Gelar Rapat Konsolidasi Pemenangan Pilkada 2024. #PDIPerjuangan #MenangkanRakyat #SatyamEvaJayate #KebenaranPastiMenang #ApiPerjuangan #SolidBergerak https://t.co/whiRPfCuAM","1803359620679037072","https://pbs.twimg.com/ext_tw_video_thumb/1803358632328966144/pu/img/TZnXBrS3RUtBHZFP.jpg","","in","Indonesia","0","1","2","https://x.com/PDI_Perjuangan/status/1803359620679037072","153407983","PDI_Perjuangan"
"1804751160361832699","Sun Jun 23 05:39:41 +0000 2024","2","Damai adalah kunci kesejahteraan !!! #Pilkada2024 #Indonesia https://t.co/VGqernTLYp","1804751160361832699","https://pbs.twimg.com/media/GQvDD36b0AAaIZ7.jpg","","in","Indonesia","0","1","1","https://x.com/anjaniriani28/status/1804751160361832699","984696309142581248","anjaniriani28"
"1802641356852228165","Mon Jun 17 09:56:05 +0000 2024","2","Partisipasi Politik dalam Pilkada 2024 #Pilkada2024AmanDamai #SukseskanPilkada2024 #AyoMemilih #PemilihMilenial https://t.co/2Fmh9P5hqd","1802641356852228165","https://pbs.twimg.com/media/GQREwrNaoAAsU7H.jpg","","in","West Sumatra, Indonesia","1","1","0","https://x.com/Natashya95/status/1802641356852228165","1564521560878481409","Natashya95"
"1804818374201086270","Sun Jun 23 10:06:46 +0000 2024","7","Spekulasi peran Presiden Joko Widodo dalam pencalonan tokoh di sejumlah daerah kini mencuat menjelang gelaran Pilkada 2024. Setelah sukses dalam pemilihan presiden 2024 lalu pengaruh Jokowi agaknya bakal menyebar ke pertarungan Pilkada 2024. Putra bungsu Jokowi Kaesang https://t.co/bJMZ9M4stI","1804818374201086270","https://pbs.twimg.com/ext_tw_video_thumb/1804809335656296448/pu/img/1EFPsWMgEhESA7hW.jpg","","in","Pulo Gadung, Indonesia","0","5","7","https://x.com/tvOneNews/status/1804818374201086270","55507370","tvOneNews"
"1804705463235428419","Sun Jun 23 02:38:06 +0000 2024","12","Basuki Tjahaja Purnama alias Ahok siap kembali bertarung di Pilkada Jakarta. Namun menurutnya hal itu sulit dilakukan lantaran PDI-P kekurangan enam kursi DPRD bila hendak mencalonkan gubernur tanpa partai koalisi. | #Ahok #Pilkada2024 #Jakarta https://t.co/ymyqhAq8a9","1804705463235428419","https://pbs.twimg.com/media/GQuZ-Rfa0AAKKou.jpg","","in","Jakarta","4","11","4","https://x.com/kompascom/status/1804705463235428419","23343960","kompascom"
"1797583905773822412","Mon Jun 03 10:59:35 +0000 2024","7133","Jokowi Disebut Larang Kaesang Maju Pilkada Jakarta meski Ada Putusan MA Baca di https://t.co/ohlSUUYsKK https://t.co/vqD402vdJi","1797583905773822412","https://pbs.twimg.com/media/GPJM-aeaEAA_6cd.jpg","","in","Jakarta","2264","3707","495","https://x.com/kompascom/status/1797583905773822412","23343960","kompascom"
"1804165702154424716","Fri Jun 21 14:53:17 +0000 2024","0","Hai¬†#TemanPemilih Sukseskan Gerakan Coklit Serentak pada 24 Juni 2024 yang nantinya Petugas Pantarlih Pilkada 2024 yang akan melakukan coklit mulai tanggal 24 Juni sd 24 Juli 2024. #kpudemak #Pilkada2024 #suarakitauntukdemaktercinta https://t.co/4RFzkOcrZY","1804165702154424716","https://pbs.twimg.com/media/GQmvE4fakAIvHpC.jpg","","in","Guntur, Indonesia","0","0","0","https://x.com/PPK_Kec_Guntur/status/1804165702154424716","1610494378258354181","PPK_Kec_Guntur"
"1804872047665066215","Sun Jun 23 13:40:03 +0000 2024","0","Kejaksaan Negeri (Kejari) Medan telah membentuk tim Jaksa Sentral Penegak Hukum Terpadu (Gakkumdu) dan Posko Pemilu untuk Pemilihan Kepala Daerah (Pilkada) serentak Tahun 2024. #Pilkada2024 https://t.co/Gi3X3EIj1o","1804872047665066215","https://pbs.twimg.com/media/GQwxjx1bcAAr4Hk.jpg","","in","Kota Surakarta, Jawa Tengah","0","0","0","https://x.com/gebyarpilkada24/status/1804872047665066215","1638845005086195713","gebyarpilkada24"
"1802981896978309191","Tue Jun 18 08:29:16 +0000 2024","4","Wali Kota Medan Bobby Nasution mantap maju sebagai bakal calon gubernur Sumatra Utara di Pilkada 2024. Selain itu Gubernur Sumut 2018-2023 Edy Rahmayadi juga menyatakan siap tarung memperebutkan kursi gubernur Sumut. Baik Bobby dan Edy saling sindir terkait kesiapan mereka https://t.co/i7L5YYK6T8","1802981896978309191","https://pbs.twimg.com/media/GQV6ePvaEAAQcDa.jpg","","in","","2","0","2","https://x.com/catchmeupco/status/1802981896978309191","1162545299614662656","catchmeupco"
"1805044253200122365","Mon Jun 24 01:04:20 +0000 2024","3","DPP PKS memutuskan Mohamad Sohibul Iman untuk maju sebagai bakal calon gubernur DKI Jakarta. Juru Bicara PKS Ahmad Mabruri menjelaskan nama Wakil Ketua Majelis Syuro PKS itu diajukan lantaran PKS menjadi partai pemenang di Jakarta. | #Pilkada2024 #PKS #Jakarta #SohibulIman https://t.co/LltEG3dxjo","1805044253200122365","https://pbs.twimg.com/media/GQzNuZ8aQAA22yp.jpg","","in","Jakarta","0","2","1","https://x.com/kompascom/status/1805044253200122365","23343960","kompascom"
"1804786724796592330","Sun Jun 23 08:01:01 +0000 2024","12","Basuki Tjahaja Purnama atau Ahok menyatakan jauh lebih siap jika diberikan kesempatan lagi untuk menjadi Gubernur Jakarta. ‚Å£‚Å£ Foto: Grandyos Zafna‚Å£ ‚Å£‚Å£ #Ahok #BasukiTjahajaPurnama #GubernurJakarta #GubernurDKIJakarta #Pilkada2024 #PilgubJakarta https://t.co/DRMl9DbjWL","1804786724796592330","https://pbs.twimg.com/media/GQvj81dX0AAMv_X.jpg","","in","","1","5","5","https://x.com/detikcom/status/1804786724796592330","69183155","detikcom"
"1803193753802514552","Tue Jun 18 22:31:07 +0000 2024","2","Update Pendaftaran Pantarlih Kecamatan Sayung. Selasa 18 Juni 2024 | 23.59 WIB #ppksayung #kpudemak #kpumelayani #pilkada2024 https://t.co/bago5XDgop","1803193753802514552","https://pbs.twimg.com/media/GQY7GlMbAAAnS-Q.jpg","","in","","0","0","0","https://x.com/PPKSayung2024/status/1803193753802514552","1791411967447740416","PPKSayung2024"
"1802925045842608433","Tue Jun 18 04:43:22 +0000 2024","36","Pilkada Jakarta 2024 Partai Demokrat Dukung Kader Jadi Cawagub https://t.co/dMmOfbm59Y","1802925045842608433","https://pbs.twimg.com/ext_tw_video_thumb/1802924859548454912/pu/img/HSd1waNmW17LMaHY.jpg","","in","Jakarta Capital Region","2","27","8","https://x.com/PDemokrat/status/1802925045842608433","248199104","PDemokrat"
"1804122091601694796","Fri Jun 21 12:00:00 +0000 2024","6","Pilkada Jakarta 2024 dan Pilpres 2024 Demokrat: Peta koalisi Pilkada Jakarta 2024 tak mesti sama. Siapa kira-kira yang bakal jadi next Gubernur Jakarta lur? tulis di kolom komentar ya. #demokrat #gubernur #jakarta #pilkada https://t.co/PAN17BFkbe","1804122091601694796","https://pbs.twimg.com/ext_tw_video_thumb/1804039844127277056/pu/img/jb_ObGmIdRXiD3Lf.jpg","","in","","0","1","1","https://x.com/TajukPolitik/status/1804122091601694796","729309555486642176","TajukPolitik"
"1802985987452322201","Tue Jun 18 08:45:31 +0000 2024","5","~ Bimbingan Teknis ~ Pemutaakhiran Data Pemilih/Coklit pada Pilkada serentak 2024 Kecamatan Sayung Kabupaten Demak #ppksayung #kpudemak #kpumelayani #pilkada2024 https://t.co/fGspjBd1aV","1802985987452322201","https://pbs.twimg.com/ext_tw_video_thumb/1802985935820423168/pu/img/8aOG4FSxf8OcpkJe.jpg","","in","","0","0","0","https://x.com/PPKSayung2024/status/1802985987452322201","1791411967447740416","PPKSayung2024"
"1805012999834620204","Sun Jun 23 23:00:09 +0000 2024","12","Stop Hoaks...!!! Stop Ujaran Kebencian dan Bijak Dalam Bersososial Media. Demi Pilkada serentak yang Aman dan Damai. Ayo Wujudkan Pilkada serentak 2024 yang bermartabat dan berintegritas! Jakarta Arda Russia Griezmann Udah 2x Unilever #TXT_CHIKAI https://t.co/lI8NhtVXQD","1805012999834620204","https://pbs.twimg.com/media/GQyxwebaAAAFWYF.jpg","","in","","0","1","12","https://x.com/Nidyna10/status/1805012999834620204","1710309382293004288","Nidyna10"
"1804078372475322475","Fri Jun 21 09:06:16 +0000 2024","690","Ketua Umum Partai Solidaritas Indonesia (PSI) Kaesang Pangarep menegaskan bahwa dirinya tidak akan berduet dengan Anies Baswedan di Pilkada Jakarta 2024. Kaesang mengatakan bahwa dirinya dengan Anies itu berbeda. Sekadar info saja ya buat teman-teman semua dan saya kira sudah https://t.co/7nE80AcnGf","1804078372475322475","https://pbs.twimg.com/media/GQlfs2jakAIVSk8.jpg","","in","Pulo Gadung, Indonesia","87","1068","80","https://x.com/tvOneNews/status/1804078372475322475","55507370","tvOneNews"
"1802282971715776903","Sun Jun 16 10:11:59 +0000 2024","3","Sukseskan Pilkada 2024 jadilah pemilih cerdas yang tidak mudah terprovokasi #cerdasmemilih #SukseskanPilkada2024 #Pilkada2024amandamai https://t.co/wb74fWSoJd","1802282971715776903","https://pbs.twimg.com/media/GQL-z85bgAA-J1c.jpg","","in","West Sulawesi, Indonesia","0","0","0","https://x.com/anselarsenio_/status/1802282971715776903","1564497392149622784","anselarsenio_"
"1804502843975774294","Sat Jun 22 13:12:58 +0000 2024","11","#TemanPemilih Anggota KPU Idham Holik hadir dan menyaksikan secara langsung verifikasi faktual dukungan calon perseorangan pada Pilkada 2024 di Kota Gorontalo Sabtu (22/6/2024). https://t.co/jfkj1scfMq","1804502843975774294","https://pbs.twimg.com/media/GQrhxPubcAAuM4h.jpg","","in","Republik Indonesia","0","3","4","https://x.com/KPU_ID/status/1804502843975774294","2413697946","KPU_ID"
"1802536644408676640","Mon Jun 17 03:00:00 +0000 2024","8","Pilkada Jakarta 2024 Demokrat dukung kader jadi Cawagub. #ahy #demokrat #pilkada #cawagub https://t.co/zoQY9T9VH1","1802536644408676640","https://pbs.twimg.com/ext_tw_video_thumb/1802473784064253952/pu/img/SASy20FUBCntz3NZ.jpg","","in","","0","0","1","https://x.com/Demokrat_TV/status/1802536644408676640","284830933","Demokrat_TV"
"1803798546526990534","Thu Jun 20 14:34:21 +0000 2024","3","Ayo bersama sukseskan Pilkada serentak 2024 #pilkada2024 #27November2024 https://t.co/dFJU9kdIG8","1803798546526990534","https://pbs.twimg.com/media/GQhhN99acAAnJYv.jpg","","in","West Sulawesi, Indonesia","0","1","0","https://x.com/anselarsenio_/status/1803798546526990534","1564497392149622784","anselarsenio_"
"1802935608903671965","Tue Jun 18 05:25:20 +0000 2024","12","Kalah pilpres bukan akhir segalanya. Anies Baswedan rupanya tak berniat rehat. Ia sudah siap-siap melaju lagi ke kontestasi politik yang bakal dihelat akhir November 2024 yakni Pilkada Jakarta. Dua parpol menunjukkan niat serius mengusungnya: PKB dan PDIP. Meski PKB berisiko https://t.co/252go1EaUy","1802935608903671965","https://pbs.twimg.com/media/GQVQWbLb0AADmAn.jpg","","in","","0","0","2","https://x.com/kumparan/status/1802935608903671965","759692754985242625","kumparan"
"1804134733770821691","Fri Jun 21 12:50:14 +0000 2024","7","DPC PDI Perjuangan Kota Singkawang Gelar Konsolidasi Internal Persiapan Pilkada Serentak 2024. Rapat bersama PAC dan Ranting PDI Perjuangan se-Kota Singkawang. Juga dihadiri pengurus DPC dan Tjhai Chui Mie Wali Kota Singkawang Periode 2017 - 2022 yang telah mendapat surat https://t.co/aVeuA6C6rX","1804134733770821691","https://pbs.twimg.com/ext_tw_video_thumb/1804134084840751104/pu/img/4f6DH9N-r0CatM40.jpg","","in","Indonesia","0","1","3","https://x.com/PDI_Perjuangan/status/1804134733770821691","153407983","PDI_Perjuangan"
"1803280948143989178","Wed Jun 19 04:17:36 +0000 2024","2","Ayo Sukseskan Pilkada DK Jakarta #Pilkada2024 #PilkadaDamai #IndonesiaMaju https://t.co/g2Y55jEXa8","1803280948143989178","https://pbs.twimg.com/media/GQaKSezaIAM24pi.jpg","","in","Grogol Petamburan, Indonesia","1","1","1","https://x.com/Dewilesta7/status/1803280948143989178","965039592675028992","Dewilesta7"
"1803815621747974651","Thu Jun 20 15:42:12 +0000 2024","84","bawaslu ingatkan netralitas ASN TNI/Polri dan pejabat di pilkada 2024 #pilkada #bawaslu #tni #polri #aparatursipilnegara https://t.co/yty6qPvnAz","1803815621747974651","https://pbs.twimg.com/media/GQhwvPPawAASvrU.jpg","","in","","0","0","0","https://x.com/DJ_ATALIACHAN/status/1803815621747974651","1510579150779666436","DJ_ATALIACHAN"
"1802965966105792882","Tue Jun 18 07:25:58 +0000 2024","5","Penyanyi sekaligus politisi PDI Perjuangan Kris Dayanti sudah yakin untuk maju menjadi calon wali kota Batu Malang Jawa Timur. Pada pemilu legislatif 2024 Mimi KD gagal mengamankan statusnya sebagai petahana anggota DPR RI. Kini dirinya mantap mengikuti kontestasi Pilkada https://t.co/nLx8TOtRZg","1802965966105792882","https://pbs.twimg.com/media/GQVr_NvbkAApCWT.jpg","","in","","2","0","4","https://x.com/catchmeupco/status/1802965966105792882","1162545299614662656","catchmeupco"
"1805077686760693819","Mon Jun 24 03:17:11 +0000 2024","1","Partai Keadilan Sejahtera (PKS) memastikan akan mengusung Wakil Ketua Majelis Syuro PKS Sohibul Iman sebagai bakal calon gubernur dalam pemilihan kepala daerah atau Pilkada Jakarta 2024. Juru Bicara PKS Muhammad Iqbal mengatakan Dewan Pimpinan Pusat (DPP) Iqbal memberikan dua https://t.co/5OTS6p9Yub","1805077686760693819","https://pbs.twimg.com/media/GQzslW-bMAAH9ho.jpg","","in","","0","2","0","https://x.com/RadioElshinta/status/1805077686760693819","121640063","RadioElshinta"
"1804352698348900473","Sat Jun 22 03:16:21 +0000 2024","71","PEMUDA PANCASILA DUKUNG ANIES... PEMUDA PANCASILA SERUKAN DUKUNG ANIES BASWEDAN DI PILKADA JAKARTA 2024....‚ÄºÔ∏è #MirisBadaiTsunamiPHK #MirisBadaiTsunamiPHK üÜòüÜó https://t.co/kbdALyCEAp","1804352698348900473","https://pbs.twimg.com/ext_tw_video_thumb/1804352598176378880/pu/img/OTNtDVHqndA5PO-X.jpg","","in","","0","3","40","https://x.com/secr3thm4nz56/status/1804352698348900473","1412374538722058244","secr3thm4nz56"
"1803669786142056494","Thu Jun 20 06:02:42 +0000 2024","3","Sukseskan Pilkada 2024 awas dan laporkan segala bentuk politik uang #dukungpilkada2024 #SukseskanPilkada2024 #stoppolitikuang https://t.co/nSesjYduG9","1803669786142056494","https://pbs.twimg.com/ext_tw_video_thumb/1803669720257929216/pu/img/ZjDaCTnQNJxTIi-k.jpg","","in","West Sulawesi, Indonesia","0","0","0","https://x.com/anselarsenio_/status/1803669786142056494","1564497392149622784","anselarsenio_"
"1802149478125977653","Sun Jun 16 01:21:32 +0000 2024","6","Sukseskan Pilkada 2024 Aman dan Damai https://t.co/7OTXgkQliB","1802149478125977653","https://pbs.twimg.com/media/GQKFZjybIAA6C4D.jpg","","in","Kota Padang, Sumatera Barat","4","10","4","https://x.com/gonjong17/status/1802149478125977653","1496004479258271744","gonjong17"
"1802497100837724584","Mon Jun 17 00:22:52 +0000 2024","5","Sukseskan Pilkada 2024 Aman dan Damai https://t.co/VIIhKI3Hmh","1802497100837724584","https://pbs.twimg.com/media/GQPBj6WaIAAckTb.jpg","","in","Kota Padang, Sumatera Barat","1","6","2","https://x.com/gonjong17/status/1802497100837724584","1496004479258271744","gonjong17"
"1802873079984746833","Tue Jun 18 01:16:52 +0000 2024","11","Makzulkan Rezim Tirani gak becus kerja !!! Korupsi merajalela pajak naik BBM &amp; listrik naik Sembako naik utang meroket negara terancam dicaplok RRC curang licik dan culas cawe2 Pemilu dan Pilkada. Rakyat lapar semakin banyak rupiah anjlok !!! #NegaraMelaratRakyatSekarat https://t.co/bevHU6UIF3","1802873079984746833","https://pbs.twimg.com/media/GQUXgxCacAATD9_.jpg","","in","","0","3","10","https://x.com/D3w4P3r4ng4545/status/1802873079984746833","1653128066863083520","D3w4P3r4ng4545"
"1804495067480252885","Sat Jun 22 12:42:04 +0000 2024","0","#TemanPemilih PPK Welahan menyelenggarakan Bimbingan teknis penyaluran dan pertanggungjawaban penggunaan anggaran Pilkada 2024 Sabtu (22/6/2024). @KPU_ID @KPU_Jateng @KpuJepara #KPUMelayani #PilkadaSerentak2024 https://t.co/1iHrvPLciw","1804495067480252885","https://pbs.twimg.com/media/GQrasmcaAAAjI4u.jpg","","in","Jepara, Indonesia","0","0","0","https://x.com/ppkwelahan/status/1804495067480252885","1791452599297974273","ppkwelahan"
"1803718022198448537","Thu Jun 20 09:14:22 +0000 2024","1067","Pengkondisian Kepala Desa se-Kabupaten Pati untuk Pemenangan Pilkada Jateng dan Pati Cara-cara pilpres 2024 diulang kembali? https://t.co/cjgvkr0SmL","1803718022198448537","https://pbs.twimg.com/ext_tw_video_thumb/1803717535831052288/pu/img/acuwIU_naGDDxYbT.jpg","","in","","44","126","553","https://x.com/MurtadhaOne1/status/1803718022198448537","1178950184601935873","MurtadhaOne1"
"1802958569014239251","Tue Jun 18 06:56:34 +0000 2024","3","Mari kita awasi tahapan penyelenggaraan Pilkada 2024 terutama dari kecurangan #AwasiPilkada2024 #SukseskanPilkada2024 #Pilkada2024kondusif https://t.co/nNf2DbzZTB","1802958569014239251","https://pbs.twimg.com/ext_tw_video_thumb/1802958544700055553/pu/img/Uw2yTkV4RJzv1EzW.jpg","","in","West Sulawesi, Indonesia","0","0","0","https://x.com/anselarsenio_/status/1802958569014239251","1564497392149622784","anselarsenio_"
"1804840362818850915","Sun Jun 23 11:34:09 +0000 2024","1","#TemanPemilih PPS dan Sekretariat Kalipucang Kulon sedang mengikuti Bimtek Penyaluran dan Pertanggungjawaban Dana Pilkada 2024 di Pendopo Kecamatan Welahan Sabtu 22 Juni 2024. #KPUMelayani #PilkadaSerentak2024 https://t.co/jXmfrsAVA8","1804840362818850915","https://pbs.twimg.com/media/GQwUvr6awAA2G44.jpg","","in","","0","1","0","https://x.com/PpsKalkul_2024/status/1804840362818850915","1794758884051357697","PpsKalkul_2024"
"1803261985334894761","Wed Jun 19 03:02:14 +0000 2024","6","Anies Baswedan Maju Pilkada Jakarta Disebut Turun Kelas Pengamat: Pilpres Saja Kalah Apalagi Pilgub: Pengamat politik Adi Prayitno menanggapi majunya Anies Baswedan di Pilkada Jakarta 2024 mendatang. Menurutnya hal ini adalah bentuk turun kelas secara https://t.co/lA9eAx50MW https://t.co/o6DD58Etvv","1803261985334894761","https://pbs.twimg.com/media/GQZ5OFpaIAIsmuJ.jpg","","in","Pulo Gadung, Indonesia","0","13","1","https://x.com/tvOneNews/status/1803261985334894761","55507370","tvOneNews"
"1805017038609686644","Sun Jun 23 23:16:12 +0000 2024","5","Sosok Kepala Kepolisian Daerah (Kapolda) Jawa Tengah (Jateng) Irjen Pol Ahmad Luthfi tengah menjadi perhatian publik akhir-akhir ini. Ahmad Luthfi yang digadang-gadang maju sebagai calon Gubernur Jateng 2024 bukanlah lulusan Akademi Kepolisian (Akpol). | #AhmadLutfi #Pilkada2024 https://t.co/joEHlPUvSB","1805017038609686644","https://pbs.twimg.com/media/GQy1ILia8AA8W8g.jpg","","in","Jakarta","0","2","3","https://x.com/kompascom/status/1805017038609686644","23343960","kompascom"
"1804577633717383409","Sat Jun 22 18:10:09 +0000 2024","40","Masyarakat dukung pilkada 2024 berjalan sukses #PilkadaAmanDamai Cristiano Ronaldo Portugal Towel https://t.co/rd5tLQ9j6d","1804577633717383409","https://pbs.twimg.com/ext_tw_video_thumb/1804577582974984192/pu/img/-gH58GLdDXMSsOUW.jpg","","in","East Java, Indonesia","0","5","1","https://x.com/DiamTetap/status/1804577633717383409","1413554690898472960","DiamTetap"
"1804391619904573788","Sat Jun 22 05:51:00 +0000 2024","3","Mari kita awasi tahapan penyelenggaraan Pilkada 2024 terutama dari segala bentuk kecurangan #AwasiPilkada2024 #SukseskanPilkada2024 #Pilkada2024kondusif https://t.co/dZpzjm39vK","1804391619904573788","https://pbs.twimg.com/media/GQp8nPmakAA8X3r.jpg","","in","West Sulawesi, Indonesia","1","0","0","https://x.com/anselarsenio_/status/1804391619904573788","1564497392149622784","anselarsenio_"
"1804447007911670209","Sat Jun 22 09:31:06 +0000 2024","5","Anies Baswedan mengatakan siap jalin komunikasi dengan semua pimpinan partai politik terkait Pilkada 2024. Termasuk bertemu dengan Ketua Umum Partai Gerindra sekaligus presiden terpilih Prabowo Subianto sebelum Pilgub DKI Jakarta 2024. #detikcom #Anies #Prabowo #Pilkada2024 https://t.co/dAyzJHFKVK","1804447007911670209","https://pbs.twimg.com/ext_tw_video_thumb/1804446973983907840/pu/img/O-ZUTyoP_DIw3keq.jpg","","in","","0","2","2","https://x.com/detikcom/status/1804447007911670209","69183155","detikcom"
"1803485165450305829","Wed Jun 19 17:49:05 +0000 2024","2","Pendaftaran Pantarlih Kecamatan Sayung Resmi Ditutup‚ÄºÔ∏è #ppksayung #kpudemak #kpumelayani #pilkada2024 https://t.co/lv8ZrG3Tmy","1803485165450305829","https://pbs.twimg.com/media/GQdEMRBbEAA6ikq.jpg","","in","","0","0","0","https://x.com/PPKSayung2024/status/1803485165450305829","1791411967447740416","PPKSayung2024"
"1804754430669230440","Sun Jun 23 05:52:41 +0000 2024","6","Menurutmu Ridwan Kamil bakal maju di Pilkada tahun ini gak nih? | Narasi Daily #SuaraPenentu #SerentakBerdampak #Pilkada2024 https://t.co/cdqR52FfWk","1804754430669230440","https://pbs.twimg.com/amplify_video_thumb/1804754044558479360/img/uXOukOmH8b17Liq7.jpg","","in","","2","1","1","https://x.com/NarasiNewsroom/status/1804754430669230440","1158355819512991747","NarasiNewsroom"
"1804788129133723737","Sun Jun 23 08:06:35 +0000 2024","0","Hai #temanpemilih ayo sukseskan gerakan coklit serentak untuk pilkada 2024.??? #kpudemak #Pilkada2024 #suarakitauntukdemaktercinta https://t.co/qeNciHSAvA","1804788129133723737","https://pbs.twimg.com/media/GQvlOm-agAADuj2.jpg","","in","Guntur, Indonesia","0","0","0","https://x.com/PPK_Kec_Guntur/status/1804788129133723737","1610494378258354181","PPK_Kec_Guntur"
"1803620077243449425","Thu Jun 20 02:45:10 +0000 2024","12795","Pendukung Anies tak mau Anies duet dengan Kaesang pada Pilkada Jakarta. Pengamat menilai hal itu menegaskan bahwa pendukung Anies anti-Jokowi. https://t.co/yNFMaXe074","1803620077243449425","","","in","Jakarta","2414","2297","1270","https://x.com/kompascom/status/1803620077243449425","23343960","kompascom"
"1803236739991085142","Wed Jun 19 01:21:55 +0000 2024","8","Gak ada lawan atau kawan abadi di politik yang ada kepentingan. Begitulah hubungan Anies Baswedan dan PDIP: berseteru karena Pilkada 2017 dan berpotensi dipersatukan oleh Pilkada 2024. Meski belum mengusung Anies secara resmi DPD PDIP DKI Jakarta sudah mengusulkan nama https://t.co/4diW0mSR98","1803236739991085142","https://pbs.twimg.com/media/GQZiQNvaIAMuhpD.jpg","","in","","2","4","1","https://x.com/kumparan/status/1803236739991085142","759692754985242625","kumparan"
"1803960787884740825","Fri Jun 21 01:19:02 +0000 2024","3","#TemanPemilih Ayo Kenali Petugas Pantarlih Pilkada 2024 yang akan melakukan coklit mulai tanggal 24 Juni sd 24 Juli 2024. Simak informasi ini selengkapnya ya. Repost : @KPU_ID #KPUMelayani #PilkadaSerentak2024 https://t.co/woHFpE0F4f","1803960787884740825","https://pbs.twimg.com/media/GQj0xZsawAA6j-F.jpg","","in","Lampung Tengah, Lampung","0","0","0","https://x.com/kpulamteng/status/1803960787884740825","978485947179319301","kpulamteng"
"1802030787577217452","Sat Jun 15 17:29:54 +0000 2024","1","Hai#TemanPemilih segera daftarkan diri untuk menjadi Pantarlih Pilkada tahun 2024 https://t.co/hE8noSeWvJ","1802030787577217452","https://pbs.twimg.com/ext_tw_video_thumb/1802030564759015424/pu/img/Uy5dTrGncJZtxwX3.jpg","","in","Jragung","0","0","0","https://x.com/mohrosy96315503/status/1802030787577217452","1612977786758758400","mohrosy96315503"
"1804680943921512865","Sun Jun 23 01:00:41 +0000 2024","58","Eks Gubernur DKI Jakarta Basuki Tjahaja Purnama alias Ahok menegaskan siap maju menjadi gubernur pada ajang Pilkada 2024. Akan tetapi Ahok menilai cukup sulit maju di Pilkada Jakarta karena secara teori dirinya kekurangan partai pendukung. | #Ahok #Pilkada2024 https://t.co/2V9UPnb5Ac","1804680943921512865","https://pbs.twimg.com/media/GQuDmLmbIAAXMLY.jpg","","in","Jakarta","3","8","20","https://x.com/kompascom/status/1804680943921512865","23343960","kompascom"
"1803977444267086219","Fri Jun 21 02:25:13 +0000 2024","3","Tokoh agama di Mojokerto doa bersama pilkada 2024 tak ada ampun bagi pelanggaran hukum https://t.co/OkK6hwt3wV","1803977444267086219","https://pbs.twimg.com/media/GQkD7NxakAEwopi.jpg","","in","East Nusa Tenggara, Indonesia","0","2","2","https://x.com/napuamanda/status/1803977444267086219","1619964424382722051","napuamanda"
"1804843322747625952","Sun Jun 23 11:45:55 +0000 2024","116","Alasan PKS Usung Sohibul Iman Jadi Bakal Cagub di Pilkada Jakarta 2024 https://t.co/Hv6fBKQp9q","1804843322747625952","","","in","","13","82","27","https://x.com/CNNIndonesia/status/1804843322747625952","17128975","CNNIndonesia"
"1804804504346661337","Sun Jun 23 09:11:40 +0000 2024","0","Ayo Sukseskan Pilkada 2024 Bersama Rakyat Ayo Memilih Suara kita untuk Demak Tercinta #kpuri #kpumelayani #kpujateng #kpudemak #kominfo #pemkabdemak #pilbup2024 #pilgup2024 #Ppkgajah Demak #pilkada2024 https://t.co/ePQYoIAm7P","1804804504346661337","https://pbs.twimg.com/media/GQv0IbtbYAADO6z.jpg","","in","","0","0","0","https://x.com/PMlekang31245/status/1804804504346661337","1796860788487184384","PMlekang31245"
"1802330550956380471","Sun Jun 16 13:21:03 +0000 2024","2","Deklarasi Pilkada 2024 aman dan damai serta himbau netralitas TNI - Polri dan ASN pada Pilkada mendatang #Pilkada #Pilkada2024 #PilkadaSerentak https://t.co/C6WNsFRKZF","1802330550956380471","https://pbs.twimg.com/media/GQMqFNkboAA1LXh.jpg","","in","Jawa Tengah","0","2","2","https://x.com/Seorangpejuang5/status/1802330550956380471","1356537387933814784","Seorangpejuang5"
"1804691473818124670","Sun Jun 23 01:42:31 +0000 2024","34","Jakarta CNN Indonesia -- Basuki Tjahaja Purnama alias¬†Ahok menyatakan jauh lebih siap menjadi gubernur DKI Jakarta pada¬†Pilkada Serentak 2024 mendatang. Ahok: Saya Jauh Lebih Siap Jadi Gubernur Jakarta https://t.co/GzwhupMyOt https://t.co/YTQ8wSz9bK","1804691473818124670","https://pbs.twimg.com/media/GQuNObGbYAA7obC.png","","in","","1","3","3","https://x.com/MarahIchsan/status/1804691473818124670","797761417894051840","MarahIchsan"
"1802590925430075760","Mon Jun 17 06:35:41 +0000 2024","4","Generasi milenial menjadi faktor penentu hasil Pilkada 2024 mendatang. Milenial merupakan kategori usia paling besar sebagai pemilih di kontestasi Pemilu 2024. Oleh karena itu partisipasi anak muda harus lebih aktif alias tidak lagi apatis. #Pilkada2024AmanDamai https://t.co/OcUuJrd5eR","1802590925430075760","https://pbs.twimg.com/media/GQQWdClbYAAQLpg.jpg","","in","Jepara, Indonesia","0","3","3","https://x.com/pamangoku/status/1802590925430075760","1409022645534822400","pamangoku"
"1804062854204764486","Fri Jun 21 08:04:36 +0000 2024","407","PKS Ingatkan Jokowi Tidak Cawe-Cawe dengan Gunakan Fasilitas Negara di Pilkada 2024 https://t.co/gQ5Aw5NktU","1804062854204764486","","","in","Indonesia","4","58","122","https://x.com/KompasTV/status/1804062854204764486","71436318","KompasTV"
"1803438661528330434","Wed Jun 19 14:44:17 +0000 2024","1","Hai #temanpemilih berikut adalah Bimbingan Teknis Pemuthakiran data pemilih / coklit untuk pilkada 2024. #kpudemak #Pilkada2024 #suarakitauntukdemaktercinta https://t.co/z3l8RfU9eW","1803438661528330434","https://pbs.twimg.com/media/GQcZ2FjbMAEkON9.jpg","","in","Guntur, Indonesia","0","0","0","https://x.com/PPK_Kec_Guntur/status/1803438661528330434","1610494378258354181","PPK_Kec_Guntur"
"1804749580720108020","Sun Jun 23 05:33:25 +0000 2024","5","Penjabat (Pj) Gubernur DKI Jakarta Heru Budi Hartono menanggapi soal kabar kemungkinan dirinya yang maju di Pilkada atau Pilgub DKI jakarta 2024 mendatang. Ia mengatakan saat ini masih belum memutuskan untuk maju di kontestasi Pilkada Jakarta 2024 itu atau tidak. Gini hari https://t.co/8S7lZdkG8D","1804749580720108020","https://pbs.twimg.com/media/GQvCK4nbMAAn0iG.jpg","","in","Pulo Gadung, Indonesia","1","13","1","https://x.com/tvOneNews/status/1804749580720108020","55507370","tvOneNews"
"1804099679074029745","Fri Jun 21 10:30:56 +0000 2024","2","Jumat(21/6) #temanpemilih PPS Desa Mutih Kulon mengikuti Zoom Meeting dalam rangka Rapat Koordinasi Persiapan Gerakan Coklit Serentak ( GCS ) pada Pilkada Serentak 2024 oleh KPU Demak kepada PPK &amp; PPS se Kabupaten Demak. #KPUdemak #ppkwedung2024 #ppsmutihkulon https://t.co/OMQDfZmAHq","1804099679074029745","https://pbs.twimg.com/media/GQlzF80akAEfr7T.jpg","","in","","0","0","0","https://x.com/pps_mutihkulon/status/1804099679074029745","1631276001509662721","pps_mutihkulon"
"1802272673202110844","Sun Jun 16 09:31:04 +0000 2024","3","Dukung Kamtibmas Kondusif Jelang Pilkada 2024 di Tanah Papua #Pilkada2024 #PilkadaPapua #PilkadaDamai #MasyarakatPapuaDukungPilkada2024 #PestaDemokrasi https://t.co/wngTlBVvln","1802272673202110844","https://pbs.twimg.com/media/GQL1cdiacAAQ8Uo.jpg","","in","West Sulawesi, Indonesia","0","1","0","https://x.com/aaravadelio_/status/1802272673202110844","1564496051415154688","aaravadelio_"
"1804857102068064660","Sun Jun 23 12:40:40 +0000 2024","0","Haiiii #TemanPemilih PPS Se-Kecamatan Nalumsari melakukan PenempelanPengumuman Hasil Seleksi Administrasi danPenetapan Calon Anggota Pantarlih Pilkada 2024 diwilayahnya masing-masing Minggu (23/6/2024). #PilkadaSerentak2024 #KPUMelayani #kpuri #kpujepara https://t.co/mUL0eC7y3a","1804857102068064660","https://pbs.twimg.com/media/GQwj-Bub0AA8v68.jpg","","in","","0","0","0","https://x.com/Ppsbategede24/status/1804857102068064660","1796799727289376768","Ppsbategede24"
"1803775221490651257","Thu Jun 20 13:01:39 +0000 2024","2","Ayo sukseskan Pilkada serentak 2024 dengan aman dan damai https://t.co/axUivghlVq","1803775221490651257","https://pbs.twimg.com/media/GQhMAMHaQAAK5xu.jpg","","in","","0","0","0","https://x.com/Nykaa_77/status/1803775221490651257","1448431290","Nykaa_77"
"1802985658363109712","Tue Jun 18 08:44:13 +0000 2024","5","~ Bimbingan Teknis ~ Pemutaakhiran Data Pemilih/Coklit pada Pilkada serentak 2024 Kecamatan Sayung Kabupaten Demak #ppksayung #kpudemak #kpumelayani #pilkada2024 https://t.co/qn1YfW5Dbk","1802985658363109712","https://pbs.twimg.com/media/GQV95PsbIAAgg-e.jpg","","in","","0","0","0","https://x.com/PPKSayung2024/status/1802985658363109712","1791411967447740416","PPKSayung2024"
"1803080676859932840","Tue Jun 18 15:01:47 +0000 2024","442","Jelang Pilkada Serentak 2024 Ganjar Fokus Bantu Menangkan PDI Perjuangan. Saya harus berinisiatif untuk bisa membantu daerah atau kawan-kawan yang mau maju pilkada. Karena mereka dulu udah bantu saya sekarang kami yang harus bantu mereka kata ujar Ganjar Senin (17/6/2024). https://t.co/mOs5xfVBdW","1803080676859932840","https://pbs.twimg.com/media/GQXUUIBbcAASS0V.jpg","","in","Indonesia","8","46","58","https://x.com/PDI_Perjuangan/status/1803080676859932840","153407983","PDI_Perjuangan"
"1802951948142064078","Tue Jun 18 06:30:16 +0000 2024","21","Ineu Purwadewi Sundari Konsolidasi di Majalengka dan Kabupaten Cirebon. Bendahara DPD PDI Perjuangan Jawa Barat Hj Ineu Purwadewi Sundari hadiri Konsolidasi Pemenangan Pilkada 2024 di DPC PDI Perjuangan Kabupaten Majalengka dan Rapat Konsolidasi Internal di DPC PDI Perjuangan https://t.co/rDt1G8BY5e","1802951948142064078","https://pbs.twimg.com/ext_tw_video_thumb/1802951476299644928/pu/img/d6MZfLCmix9z4cIn.jpg","","in","Indonesia","0","0","5","https://x.com/PDI_Perjuangan/status/1802951948142064078","153407983","PDI_Perjuangan"
"1802356133858025958","Sun Jun 16 15:02:43 +0000 2024","3","#PilkadaPapua #Pilkada2024kondusif #pilkadaserentak #pilkada2024 #URANUS2324OfficialTrailer https://t.co/KzRldnhL1u","1802356133858025958","https://pbs.twimg.com/media/GQNBWIPbsAA8wlN.jpg","","qme","Provinsi Papua Selatan","0","0","0","https://x.com/Papuaterkini_co/status/1802356133858025958","1775536487343464448","Papuaterkini_co"
"1802109070079627336","Sat Jun 15 22:40:58 +0000 2024","4","Sukseskan pilkada 2024 Bawaslu Kalbar lakukan pemetaan wilayah rawan money politic https://t.co/IwhET6xZZg","1802109070079627336","https://pbs.twimg.com/media/GQJgmTYbwAAiotL.jpg","","in","East Nusa Tenggara, Indonesia","0","5","1","https://x.com/napuamanda/status/1802109070079627336","1619964424382722051","napuamanda"
"1803421892231176588","Wed Jun 19 13:37:39 +0000 2024","4","It is time on pilkada 2024 https://t.co/Ht51y8M9lw","1803421892231176588","https://pbs.twimg.com/ext_tw_video_thumb/1803421847155040256/pu/img/_v8VAf8hONZdl9eS.jpg","","en","anywhere","1","2","4","https://x.com/adenium_0512/status/1803421892231176588","1603772662517764098","adenium_0512"
"1803697185126769142","Thu Jun 20 07:51:34 +0000 2024","8","Dukungan untuk Sudaryono di Pilgub Jateng 2024 Masih Mengalir Kini Giliran Garda Satu Dideklarasikan Maju I Pilgub I Jateng I Jawa Tengah I Pilkada Jateng I Dukungan I Jateng1 I Jateng5758 @SudaryonoSudar #Sudaryono #sudaryono #JawaTengah #MasDar #DARihati #cagub #Gubernur https://t.co/7jI9QQG287","1803697185126769142","https://pbs.twimg.com/media/GQgEZeHaIAEFnx8.png","","in","","0","2","7","https://x.com/yossrsro/status/1803697185126769142","886878090768424960","yossrsro"
"1803925855305109583","Thu Jun 20 23:00:13 +0000 2024","2","Anggota Polres Batu dan Polsek Jajaran melaksanakan Patroli Malam ke beberapa Obyek Vital dan pemukiman penduduk sekaligus memberikan himbauan Kamtibmas kepada warga dalam rangka menjaga Harkamtibmas menjelang Pilkada Kota Batu Tahun 2024 Jum at (21/6/2024). #pilkadabatu2024 https://t.co/zoOZx44hty","1803925855305109583","https://pbs.twimg.com/media/GQjVAKxbUAAzqeA.jpg","","in","","0","0","0","https://x.com/SiHumasBatu/status/1803925855305109583","1587637060034129920","SiHumasBatu"
"1804415863300468777","Sat Jun 22 07:27:20 +0000 2024","2","Partisipasi Pengawasan Pilkada 2024 #AwasiPilkada2024 #SukseskanPilkada2024 #Pilkada2024kondusif https://t.co/LWT3bz6gaQ","1804415863300468777","https://pbs.twimg.com/ext_tw_video_thumb/1804415797110214656/pu/img/7ncm9swmImD9sEfk.jpg","","in","West Sumatra, Indonesia","1","1","0","https://x.com/Natashya95/status/1804415863300468777","1564521560878481409","Natashya95"
"1802554032281501957","Mon Jun 17 04:09:05 +0000 2024","1","PJ Bupati Cirebon ajak masyarakat untuk sukseskan PILKADA serentak 2024 https://t.co/H11o1YiCnd","1802554032281501957","https://pbs.twimg.com/media/GQP1VurbQAAv6CR.jpg","","in","","0","0","0","https://x.com/AbdulJaya404/status/1802554032281501957","1536371113705754624","AbdulJaya404"
"1803025657326342449","Tue Jun 18 11:23:09 +0000 2024","3","#TemanPemiih Ketua dan Anggota PPS Desa Babalan menghadiri Bimbingan Teknis Pemutakhiran Data Pemilih / Coklit pada Pilkada Serentak Tahun 2024 oleh PPK kepada PPS se Kecematan Wedung di Aula Kecamatan Wedung.Selas 18/06/2024 #pilkada2024 #kpudemak #ppkwedung2024 #ppsbabalan https://t.co/Gq6bHG3XdD","1803025657326342449","https://pbs.twimg.com/media/GQWiRn_akAEA35x.jpg","","in","","0","0","0","https://x.com/PpsBabalan/status/1803025657326342449","1631273031422345219","PpsBabalan"
"1803418863721390461","Wed Jun 19 13:25:37 +0000 2024","0","#temanpemilih malam ini Pps Desa Tritis melaksanakan Rapat Koordinasi bersama Stakeholder dalamr angka pembentukan pantarlih pilkada 2024. https://t.co/fj6PxBeUZ5","1803418863721390461","https://pbs.twimg.com/media/GQcH5gQaIAILZXm.jpg","","in","","0","0","0","https://x.com/PpsTritis2024/status/1803418863721390461","1794741108670607360","PpsTritis2024"
"1804548652154646843","Sat Jun 22 16:15:00 +0000 2024","8","Sejumlah nama seperti Anies Ridwan Kamil &amp; Kaesang mulai mencuat sebagai kandidat Pilkada Jakarta 2024. Adi Prayitno mengungkapkan bahwa Anies saat ini mendominasi elektabilitasnya. Simak selengkapnya di #LanturanKompasTV di KompasTV! ‚ñ∂Ô∏è https://t.co/AYu0nxChMt https://t.co/xLVaxufGhN","1804548652154646843","https://pbs.twimg.com/media/GQr6OA3aQAAdHWf.jpg","","in","Indonesia","0","1","2","https://x.com/KompasTV/status/1804548652154646843","71436318","KompasTV"
"1802912076395925979","Tue Jun 18 03:51:50 +0000 2024","3","Buko- REKAPITULASI pendaftaran PANTARLIH Pilkada serentak 2024 Desa Buko Kecamatan Wedung Kabupaten Demak pada hari ke Lima. #ppsbukowedung https://t.co/0sOQN5N390","1802912076395925979","https://pbs.twimg.com/media/GQU6-lgacAALazL.jpg","","in","","0","0","0","https://x.com/ppsbukowedung/status/1802912076395925979","1631545798709350402","ppsbukowedung"
"1803679864488337430","Thu Jun 20 06:42:45 +0000 2024","6","Dukungan tersebut dituangkan dalam surat dukungan yang diserahkan oleh Ketua Umum Partai Golkar Airlangga Hartarto kepada Wali Kota Medan sekaligus menantu Presiden Jokowi Bobby Nasution sebagai calon gubernur dalam Pilkada Sumatera Utara 2024 Rabu (19/6/2024). Dukungan ini https://t.co/Sf7G5iPqtt","1803679864488337430","https://pbs.twimg.com/amplify_video_thumb/1803679805608697857/img/x__gIHCRrWTKDdXX.jpg","","in","","0","6","1","https://x.com/NarasiNewsroom/status/1803679864488337430","1158355819512991747","NarasiNewsroom"
"1805060715239424414","Mon Jun 24 02:09:45 +0000 2024","3","Dewan Pimpinan Pusat (DPP) Partai Keadilan Sejahtera (PKS) memutuskan Mohamad Sohibul Iman untuk maju sebagai bakal calon gubernur DKI Jakarta. | #Pilkada2024 #Jakarta #SohibulIman #PKS https://t.co/8Ny2JQKQcM","1805060715239424414","https://pbs.twimg.com/media/GQzdCPGbIAAdah8.jpg","","in","Jakarta","3","1","1","https://x.com/kompascom/status/1805060715239424414","23343960","kompascom"
"1802336367382585744","Sun Jun 16 13:44:10 +0000 2024","3","Wujudkan Pilkada Serentak 2024 Yang Aman dan Damai Melalui Diseminasi Media Berkualitas #pilkada2024 https://t.co/oVJj6zS906","1802336367382585744","https://pbs.twimg.com/media/GQMvX8gbMAADvap.jpg","","in","West Sulawesi, Indonesia","0","1","0","https://x.com/anselarsenio_/status/1802336367382585744","1564497392149622784","anselarsenio_"
"1803277083780718817","Wed Jun 19 04:02:14 +0000 2024","80","GUS IPUL 'TURUN GUNUNG' IKUT SOSIALISASI PILKADA KOTA PASURUAN 2024 https://t.co/YNBUVNAJSp","1803277083780718817","https://pbs.twimg.com/media/GQaG8UmaMAADs5U.jpg","","in","","0","0","0","https://x.com/pejuang_berkuda/status/1803277083780718817","1645196114453209088","pejuang_berkuda"
"1802356107312255443","Sun Jun 16 15:02:36 +0000 2024","3","#PilkadaPapua #Pilkada2024kondusif #pilkadaserentak #pilkada2024 #URANUS2324OfficialTrailer https://t.co/UeHCBExJzF","1802356107312255443","https://pbs.twimg.com/media/GQNBUupacAAgbld.jpg","","qme","Provinsi Papua Selatan","0","1","0","https://x.com/Papuaterkini_co/status/1802356107312255443","1775536487343464448","Papuaterkini_co"
"1804498532638093401","Sat Jun 22 12:55:50 +0000 2024","28","Komandan patjul siap mengambil jalan ksatria maju Pilkada Jateng 2024. Proses kaderisasi kepartaian sdh ckp lama klo mau bicara kematangan. Punya jejaring yg kuat sbg kunci yg menentukan modal elektabilitas sdh ada tinggal poles kedikenalannya di masy. Korea melentinglah..! https://t.co/PjDgIynFSZ","1804498532638093401","https://pbs.twimg.com/media/GQrd2isbcAAYnFK.jpg","","in","I n d o n e s i a","0","1","18","https://x.com/_zhyme/status/1804498532638093401","1357226411832954880","_zhyme"
"1782675389816651903","Tue Apr 23 07:38:28 +0000 2024","5397","Presiden Partai Keadilan Sejahtera (PKS) Ahmad Syaikhu mengatakan bahwa Anies Baswedan tidak lagi cocok berkontestasi di Pemilihan Kepala Daerah (Pilkada) Jakarta. Hal ini dikarenakan nama Anies Baswedan telah tersemat sebagai peserta Pemilihan Presiden (Pilpres) 2024 kendati https://t.co/YOivpSUEX3","1782675389816651903","https://pbs.twimg.com/media/GL1V0DHaQAAdqDX.jpg","","in","Pulo Gadung, Indonesia","93","526","622","https://x.com/tvOneNews/status/1782675389816651903","55507370","tvOneNews"
"1804150959112917195","Fri Jun 21 13:54:42 +0000 2024","4","Pilkada 2024 menjadi bukti bahwa kita bisa bersaing dengan ide dan visi tanpa kekerasan atau ketegangan. Mari kita jaga semangat persatuan dalam perbedaan memperkuat fondasi demokrasi kita dengan kedamaian dan penghargaan terhadap satu sama lain. #Pilkada2024 https://t.co/fT7sxCOb7E","1804150959112917195","https://pbs.twimg.com/media/GQmhu0RakAECpQv.jpg","","in","","0","4","2","https://x.com/RismaII4/status/1804150959112917195","1497098972443602944","RismaII4"
"1804683488303468668","Sun Jun 23 01:10:47 +0000 2024","2","Hai #TemanPemilih Dengan mengusung tema Ngobrol Pilkada Serentak 2024 Bersama Media/Pers se-Kabupaten Kepulauan Talaud di cafe Kenzo Jumat 20 Juni 2024. Lebih Lengkap Kunjungi Link di Bawah ini https://t.co/1ZSIKkpqsq #KPUMelayani #PilkadaSerentak2024 https://t.co/a3b3CeWngM","1804683488303468668","https://pbs.twimg.com/media/GQuGEMxbsAA_jZ3.jpg","","in","Sulawesi Utara, Indonesia","0","0","0","https://x.com/KpuTalaud/status/1804683488303468668","1378925999828652039","KpuTalaud"
"1804058489968627771","Fri Jun 21 07:47:16 +0000 2024","2","Hai #TemanPemilih Sukseskan Gerakan Coklit Serentak pada 24 Juni 2024 yang nantinya Petugas Pantarlih Pilkada 2024 yang akan melakukan coklit mulai tanggal 24 Juni sd 24 Juli 2024. https://t.co/TJknIDzApF","1804058489968627771","https://pbs.twimg.com/media/GQlNnHJakAQYVYH.jpg","","in","Kabupaten Demak","0","1","1","https://x.com/kpu_demakkab/status/1804058489968627771","636857454","kpu_demakkab"
"1805048579738030247","Mon Jun 24 01:21:32 +0000 2024","2","Halo haloo #kawanpajak! Tim Penyuluh KPP Pratama Poso menghadiri undangan Badan Pengawas Pemilihan Umum (Bawaslu) dengan tema acara Teknis Pengelolaan Dana Hibah Pilkada Serentak Tahun 2024 di Kabupaten Morowali Sulawesi Tengah (Jumat 21/6). https://t.co/ZEebknrJrB","1805048579738030247","https://pbs.twimg.com/media/GQzSF5CaAAALBSi.jpg","","in","Poso Kota, Indonesia","0","0","0","https://x.com/pajakposo/status/1805048579738030247","3237625305","pajakposo"
"1802542972090867947","Mon Jun 17 03:25:08 +0000 2024","2","Bener nih mari laksanakan pilkada 2024 dengan aman dan damai guys https://t.co/C4jBA50eM1","1802542972090867947","https://pbs.twimg.com/media/GQPrR6kbMAAjT5O.jpg","","in","","0","1","1","https://x.com/Damai_indonesja/status/1802542972090867947","1564264282769936385","Damai_indonesja"
"1803615444714283144","Thu Jun 20 02:26:46 +0000 2024","1","PPS Guntur stanby di posko pendaftaran pantarlih sekaligus rapat penetapatan Pantarlih PILKADA 2024. https://t.co/1VJZsF9eQ7","1803615444714283144","https://pbs.twimg.com/media/GQe6p41bgAAd-_N.jpg","","in","Jln. Raya Guntur-Karangawen.","0","0","0","https://x.com/ppsdesaguntur/status/1803615444714283144","1618872688709349377","ppsdesaguntur"
"1804132276323913802","Fri Jun 21 12:40:28 +0000 2024","9","Ridwan Kamil berpikir ulang untuk maju di Pilkada Jakarta 2024 usai elektabilitasnya merosot seiring kemunculan Anies Baswedan dan Basuki Tjahaja Purnama. Partai Golkar yang menaungi Ridwan Kamil menilai Pilkada Jawa Barat lebih realistis untuk dimenangkan RK. Di Pilkada https://t.co/coyG6SsNQT","1804132276323913802","https://pbs.twimg.com/amplify_video_thumb/1804132056584327171/img/eNabVE_2Tk7XGe_X.jpg","","in","Jakarta","0","6","1","https://x.com/kompascom/status/1804132276323913802","23343960","kompascom"
"1804736399482216859","Sun Jun 23 04:41:02 +0000 2024","4","Kita inginkan suasana Pilkada serentak yang harmonis dan damai mendewasakan masyarakat dalam pemilih pemimpin yang membangun daerah #PilkadaSerentak #Pilkada2024 #Kalbar #PilkadaDamai Makasi https://t.co/0zd8CcsFlx","1804736399482216859","https://pbs.twimg.com/media/GQu2LfibQAAVnJ7.jpg","","in","","0","0","0","https://x.com/2lu1dzlhiciax/status/1804736399482216859","882091080354742272","2lu1dzlhiciax"
"1804110572516188666","Fri Jun 21 11:14:13 +0000 2024","8","Ketua Umum Partai Solidaritas Indonesia (PSI) Kaesang Pangarep kembali merespons wacana perjodohan dirinya dengan Anies Baswedan guna menghadapi Pilgub Jakarta 2024. Putra bungsu Presiden Jokowi itu menegaskan dirinya tidak akan berduet dengan Anies Baswedan di Pilkada Jakarta. https://t.co/t3eFrcuoKN","1804110572516188666","https://pbs.twimg.com/media/GQl83m-aYAAGePG.jpg","","in","Jakarta Capital Region","0","1","2","https://x.com/asumsico/status/1804110572516188666","829366551446818816","asumsico"
"1803706694071120103","Thu Jun 20 08:29:21 +0000 2024","2","Pegi Setiawan MAU PAP missionary Risma gabin Tirta PT PLN jajan pilkada 2024 #masjuno #ditjenpas Seorang mualaf di Papua menyumbangkan hewan kurban ke masjidÔ∏è https://t.co/bCYiTK89Ui","1803706694071120103","https://pbs.twimg.com/ext_tw_video_thumb/1803706652262330368/pu/img/1aBheIC6_f3hQlfJ.jpg","","in","","0","0","0","https://x.com/Jerukni01528287/status/1803706694071120103","1416398831659339776","Jerukni01528287"
"1803315150113636549","Wed Jun 19 06:33:30 +0000 2024","3","Sukseskan Pilkada 2024 Hindari Hoaks dan Ujaran Kebencian #Pilkada2024AmanDamai #SukseskanPilkada2024 #Pilkada2024kondusif https://t.co/FwSv0FSMJL","1803315150113636549","https://pbs.twimg.com/ext_tw_video_thumb/1803315115749769216/pu/img/yrPpSbkk8LyAgSxN.jpg","","in","West Sulawesi, Indonesia","0","0","0","https://x.com/anselarsenio_/status/1803315150113636549","1564497392149622784","anselarsenio_"
"1803983176525844846","Fri Jun 21 02:48:00 +0000 2024","10","Partai Gerindra resmi mengusung komika Marshel Widianto sebagai Calon Wakil Wali Kota Tangerang Selatan dalam Pilkada 2024 yang akan digelar Oktober mendatang. Hal itu disampaikan langsung oleh Ketua Harian DPP Partai Gerindra Sufmi Dasco Ahmad saat membuka acara Silaturahmi dan https://t.co/VwwnOHju2h","1803983176525844846","https://pbs.twimg.com/media/GQkJIpRakAA8y1C.jpg","","in","","12","0","3","https://x.com/catchmeupco/status/1803983176525844846","1162545299614662656","catchmeupco"
"1803418997188338151","Wed Jun 19 13:26:09 +0000 2024","0","#temanpemilih malam ini Pps Desa Tritis melaksanakan Rapat Koordinasi bersama Stakeholder dalamr angka pembentukan pantarlih pilkada 2024. https://t.co/sqPWKYfzdm","1803418997188338151","https://pbs.twimg.com/media/GQcIBQ6bUAAES9t.jpg","","in","","0","0","0","https://x.com/PpsTritis2024/status/1803418997188338151","1794741108670607360","PpsTritis2024"
"1803066443988078942","Tue Jun 18 14:05:14 +0000 2024","0","#SahabatPemilih Berikut kami sampaikan update progres pendaftaran calon Pantarlih Pilkada 2024 di Desa Ketilengsingolelo per hari Selasa 18 Juni 2024. Besok hari terakhir pendaftaran ya #SahabatPemilih demi kamu..iya kamu... besok kami tunggu mulai jam 08.00 s.d 23.59 WIB. https://t.co/FQJDECs9yK","1803066443988078942","https://pbs.twimg.com/media/GQXHXe-WUAE-GEj.jpg","","in","","0","0","0","https://x.com/pps_pilkada2024/status/1803066443988078942","1794754961206923264","pps_pilkada2024"
"1802877063189450937","Tue Jun 18 01:32:42 +0000 2024","5","Sukseskan Pilkada 2024 Aman dan Damai https://t.co/1qDC35Bp8g","1802877063189450937","https://pbs.twimg.com/media/GQUbIl-bsAAHPSy.jpg","","in","Kota Padang, Sumatera Barat","0","8","3","https://x.com/gonjong17/status/1802877063189450937","1496004479258271744","gonjong17"
"1803019415447040248","Tue Jun 18 10:58:21 +0000 2024","1","#SahabatPemilih Berikut kami sampaikan update progres pendaftaran calon Pantarlih Pilkada 2024 di Desa Guwosobokerto per hari Selasa 18 Juni 2024. Besok hari terakhir pendaftaran ya #SahabatPemilih demi kamu..iya kamu... besok kami tunggu mulai jam 08.00 s.d 23.59 WIB. https://t.co/qIlVbDi0Rs","1803019415447040248","https://pbs.twimg.com/media/GQWcml1akAARRnK.jpg","","in","","0","0","0","https://x.com/ppsguwosobokert/status/1803019415447040248","1794729965415763968","ppsguwosobokert"
"1802343762485792916","Sun Jun 16 14:13:33 +0000 2024","4","Sukseskan Pilkada serentak 2024 dengan aman dan damai https://t.co/n72diOjB3q","1802343762485792916","https://pbs.twimg.com/media/GQM2GDTbAAEfSwF.jpg","","in","","0","3","0","https://x.com/AnitaSa08874916/status/1802343762485792916","1530112762361155585","AnitaSa08874916"
"1805046288066724345","Mon Jun 24 01:12:25 +0000 2024","9","Golput bukan Pilihan. Masyarakat harus berperan aktif dalam gunakan hak pilihnya pada pilkada 2024 yg diselenggarakan serentak di seluruh Indonesia. Peran masyarakat sangat penting dalam kemajuan daerahnya. Jakarta Arda Russia Griezmann Ipar Udah 2x Unilever #TXT_CHIKAI Turkey https://t.co/HesRMJEUYV","1805046288066724345","https://pbs.twimg.com/media/GQzQB08a4AApxGt.jpg","","in","","1","1","9","https://x.com/coema_coemi/status/1805046288066724345","1322908062059962369","coema_coemi"
"1804069220751446122","Fri Jun 21 08:29:54 +0000 2024","158","Wow TEGAS sekali?! Kereeeen https://t.co/iMDs1hqyLh https://t.co/WEnRziBK8X","1804069220751446122","https://pbs.twimg.com/media/GQlXYx0akAIuSRm.jpg","","in","Bali, Indonesia","0","95","20","https://x.com/T0M5helby/status/1804069220751446122","1426438140202348546","T0M5helby"
